regime,fold,roc_auc,brier_score,test_size
BULL,1,0.4961740875842585,0.3753539801067218,15170
BULL,2,0.4839536183374585,0.29240963255127495,15170
BULL,3,0.49847452269139975,0.2909013983098825,15170
BEAR,1,0.4501528894217226,0.460244425109746,4201
BEAR,2,0.5384899358354576,0.3515015115300946,4201
BEAR,3,0.6612866258766249,0.2888150833036412,4201
NEUTRAL,1,0.5634429520744559,0.2839523422117449,4133
NEUTRAL,2,0.3731323447282907,0.3655954764934758,4133
NEUTRAL,3,0.5197934436811287,0.3249874184719271,4133
