ticker,date,h5,h10,h20,to_latest,rank_ai_percentile
AAPL,2026-07-15,,,,,0.456
ABBV,2026-06-08,-0.006634737695493942,0.052405015460579296,0.1330075635216248,0.09732366854466434,0.4524
ABBV,2026-06-09,-0.013086669205059853,0.04201047510259337,0.10864167195498564,0.08588413081186275,0.5748
ABBV,2026-06-10,-0.016537013874950546,0.0808624258198658,0.10282287262326295,0.08815293220749543,0.5156
ABBV,2026-06-11,-0.03683765013974016,0.12715220575611452,0.1033500702317034,0.0890243098566672,0.5
ABBV,2026-06-12,0.010011850972959868,0.11671717529409498,0.07486937764736457,0.07486937764736457,0.4882
ABBV,2026-06-13,0.05943408270499306,0.13561082877557418,,0.1046527497840879,0.4651
ABBV,2026-06-15,0.05943408270499306,0.13561082877557418,,0.1046527497840879,0.5197
ABBV,2026-06-16,0.05582774351955866,0.12851169227768233,,0.10028317272521137,0.5271
ABBV,2026-06-17,0.09903721956896461,0.18008413129359546,,0.10645031644244751,0.5276
ABBV,2026-06-18,0.17026190436082467,0.1767748535388174,,0.13067574746320587,0.4961
ABBV,2026-06-19,0.1056475963310175,0.10712577704494541,,0.06421461947394613,0.3226
ABBV,2026-06-23,0.07190324279173965,0.07658890529495466,,0.04268190708348785,0.4472
ABBV,2026-06-24,0.06884072634408578,0.06394484359270192,,0.04210481253074705,0.4959
ABBV,2026-06-25,0.07374355506942432,0.020317522636370322,,0.0067450826427790656,0.4435
ABBV,2026-06-26,0.0055653774199802,-0.021117055356729142,,-0.03382675002074842,0.48
ABBV,2026-06-27,0.0013369365780138143,-0.037473944676913895,,-0.037473944676913895,0.7295
ABBV,2026-06-29,0.0013369365780138143,-0.037473944676913895,,-0.037473944676913895,0.5794
ABBV,2026-06-30,0.004371348379366147,,,-0.027261169237762117,0.7317
ABBV,2026-07-01,-0.004580554081364485,,,-0.025013936271672255,0.6613
ABBV,2026-07-02,-0.0497567898599397,,,-0.06239708924009635,0.5238
ABBV,2026-07-15,,,,,0.68
ABNB,2026-06-08,0.03369794156733641,0.03287966725100233,0.06337874534449695,0.09008406806625735,0.3016
ABNB,2026-06-09,0.07499041025520681,0.09935277644893437,0.1183098025430307,0.11564511973182645,0.252
ABNB,2026-06-17,0.009534735027000307,0.05969830504094875,,0.04269247393362452,0.5197
ABNB,2026-06-18,0.022119189772357828,0.03679509935838299,,0.0290006988120195,0.4409
ABNB,2026-06-19,0.05733167316308041,0.06904231943236727,,0.05280545093618083,0.4516
ABNB,2026-06-20,0.05733167316308041,0.06904231943236727,,0.05280545093618083,0.416
ABNB,2026-06-22,0.05733167316308041,0.06904231943236727,,0.05280545093618083,0.5041
ABNB,2026-06-23,0.03060856905423215,0.029528200680595917,,0.055383412636540674,0.3496
ABNB,2026-06-24,0.020152380783308388,0.017243806083184987,,0.014819940997937486,0.3902
ABNB,2026-07-09,,,,-0.00238277694172484,0.4615
ABNB,2026-07-14,,,,,0.4957
ABNB,2026-07-15,,,,,0.472
ABT,2026-07-02,-0.015408817580619849,,,-0.06750526560169168,0.5726
ACHR,2026-06-09,0.02255636873816247,-0.05075187447638663,-0.08834591200436614,-0.08834591200436614,0.378
ACHR,2026-06-11,0.05094339079430821,-0.0811321301322746,-0.1415094288696639,-0.08490571130336144,0.7857
ADBE,2026-06-08,-0.1576799216974195,-0.19413042063346497,-0.09816728238911321,-0.0988203852036027,0.648
ADBE,2026-06-09,-0.12846812229404736,-0.17365897389713103,-0.06402392245548716,-0.07188500820798138,0.7717
ADBE,2026-06-10,-0.15896822918546394,-0.1712657484979202,-0.0417345329050568,-0.053989227182690724,0.7031
ADBE,2026-07-08,,,,-0.0007241950771309513,0.392
ADBE,2026-07-09,,,,-0.008398810547719737,0.3769
ADBE,2026-07-10,,,,-0.012788412708625407,0.6929
ADBE,2026-07-15,,,,,0.688
AMAT,2026-07-15,,,,,0.032
AMD,2026-07-15,,,,,0.008
AMT,2026-06-08,-0.008285651653158754,-0.04234641521662452,-0.11890323948679327,-0.09866957257517062,0.3413
AMT,2026-06-09,-0.024100612335308136,-0.07705636365045354,-0.12710252128191313,-0.10684070951334779,0.2992
AMT,2026-06-10,-0.05029290849824353,-0.11516602309434243,-0.11584781977905001,-0.11458913667414794,0.2734
AMT,2026-06-11,-0.06116681398981594,-0.06361992140975181,-0.09609643697681658,-0.09966937934925713,0.1905
AMT,2026-06-12,-0.057431351750399484,-0.0988887446902379,-0.09803393291349782,-0.09803393291349782,0.252
AMT,2026-06-13,-0.03434533706227405,-0.11945514555772996,,-0.09113906748720457,0.2016
AMT,2026-06-15,-0.03434533706227405,-0.11945514555772996,,-0.09113906748720457,0.252
AMT,2026-06-16,-0.05426353575430298,-0.09969100269938369,,-0.08478342975092445,0.2171
AMT,2026-06-17,-0.06830855026418303,-0.08316305628773524,,-0.06770111411323021,0.1654
AMT,2026-06-18,-0.0026129321550306672,-0.07918206304891662,,-0.041011082621682626,0.1102
AMT,2026-07-13,,,,-0.00395279155719952,0.6587
AMT,2026-07-14,,,,,0.472
AMT,2026-07-15,,,,,0.619
AMZN,2026-07-07,0.00613875027178068,,,0.00613875027178068,0.512
AMZN,2026-07-08,,,,0.015885438196955093,0.536
AMZN,2026-07-09,,,,0.0018216168201965477,0.3538
AMZN,2026-07-10,,,,0.008763386269527551,0.5827
AMZN,2026-07-11,,,,0.0007278635572656178,0.4961
AMZN,2026-07-14,,,,,0.2957
AMZN,2026-07-15,,,,,0.336
ANET,2026-06-08,0.0811381261933124,0.03708441993672085,0.1576087603404155,0.16732745811393945,0.68
ANET,2026-06-10,0.08678175175047254,0.09020824286330353,0.2319452654266252,0.20301801484313442,0.6406
ANET,2026-06-11,0.0848465779432439,0.007672712620599542,0.1582480880170698,0.16732745811393945,0.6984
ANET,2026-06-24,0.030171815619418174,0.14189437472977073,,0.12878694895268228,0.3577
ANET,2026-06-27,0.014381477895027306,0.11255332439812404,,0.11255332439812404,0.2787
ANET,2026-07-03,0.04541779300917104,,,0.05361269973665195,0.3629
ANET,2026-07-06,0.04541779300917104,,,0.05361269973665195,0.3629
ANET,2026-07-08,,,,0.008395494321126407,0.496
ANET,2026-07-15,,,,,0.048
APD,2026-06-24,0.10610036005137391,0.06801502869107767,,0.08083044270608997,0.1057
APD,2026-06-25,0.12936013539099323,0.07666455758132074,,0.07619725330392901,0.121
APD,2026-06-26,0.11875385925889415,0.09376067410488953,,0.08448784083349592,0.072
APD,2026-06-27,0.13117731805629318,0.11022617824770164,,0.11022617824770164,0.0738
APD,2026-06-29,0.13117731805629318,0.11022617824770164,,0.11022617824770164,0.0794
APD,2026-07-10,,,,-0.00043402959083338466,0.4567
APD,2026-07-11,,,,-0.00847793625326887,0.5039
APD,2026-07-14,,,,,0.5739
APD,2026-07-15,,,,,0.48
ASML,2026-06-08,0.08211361198693257,0.01682061085964004,0.011211856168869438,0.01520832856416221,0.28
ASML,2026-06-09,0.014692561371956625,-0.008437536821526037,0.014895054015891196,-0.001198132975250732,0.0394
ASML,2026-06-10,0.07706192468171569,0.06169457551917823,0.036403166328839776,0.02390169165009448,0.0781
ASML,2026-06-11,0.015899126894053595,-0.05520457516255861,-0.09130917050436549,-0.06519677337675944,0.0714
ASML,2026-06-13,-0.06033839737715174,0.05113433235700393,,-0.06182833547387112,0.0543
ASML,2026-06-15,-0.06033839737715174,0.05113433235700393,,-0.06182833547387112,0.0551
ASML,2026-06-16,-0.022795178632440738,0.02170311055338514,,-0.015660600020287574,0.093
ASML,2026-06-17,-0.014267841811489768,-0.052740352217983566,,-0.049356709965706735,0.0551
ASML,2026-06-18,-0.06999090773313321,-0.05421111506060328,,-0.07982672503986754,0.2205
ASML,2026-06-19,-0.023916037137974633,-0.09432161238985359,,-0.07962160702426457,0.0565
AVGO,2026-07-11,,,,0.013175361852429956,0.4683
AVGO,2026-07-13,,,,0.013175361852429956,0.4603
AVGO,2026-07-14,,,,,0.6609
AVGO,2026-07-15,,,,,0.552
AXP,2026-06-12,0.03880908773429681,0.047443484690884885,0.09400177114870578,0.09400177114870578,0.2362
AXP,2026-06-13,0.007156106294944564,0.00855741806071686,,0.061577697481808524,0.2558
AXP,2026-06-16,0.005341320002500316,0.021306545696732737,,0.044878583421763985,0.2835
AXP,2026-07-09,,,,0.024053981046746165,0.2
AXP,2026-07-14,,,,,0.2348
AXP,2026-07-15,,,,,0.272
BA,2026-06-18,-0.02455999097846029,0.05307108477301381,,-0.02518858018859449,0.4531
BA,2026-06-19,-0.02780419027640013,0.049132775233264425,,-0.016845542679246428,0.5968
BA,2026-06-20,-0.02780419027640013,0.049132775233264425,,-0.016845542679246428,0.448
BA,2026-06-22,-0.02780419027640013,0.049132775233264425,,-0.016845542679246428,0.6829
BA,2026-06-23,-0.0011074961272137251,0.0380231183567572,,0.0018457564675937732,0.4715
BA,2026-06-24,-0.007582284535506578,0.012985246812039053,,-0.014256523903057428,0.374
BA,2026-07-07,-0.06288843459098026,,,-0.06288843459098026,0.528
BA,2026-07-08,,,,-0.03485217356857517,0.552
BA,2026-07-09,,,,-0.026892564132428354,0.5231
BA,2026-07-10,,,,-0.023258944562432715,0.5906
BA,2026-07-11,,,,0.007424277965284221,0.6378
BA,2026-07-13,,,,0.007424277965284221,0.6429
BA,2026-07-14,,,,,0.36
BA,2026-07-15,,,,,0.3968
BAC,2026-06-08,0.04176762668575229,0.07980605433628218,0.0870780920368428,0.13033745524061358,0.344
BAC,2026-06-09,0.044468983187572864,0.06082325403641531,0.08875417114238204,0.11392872053563341,0.1575
BAC,2026-06-10,0.03648694225091198,0.06692331591330225,0.09405935400264132,0.11147777620638921,0.25
BAC,2026-06-12,0.024098508802029128,0.03320243832832359,0.08211350297273312,0.08211350297273312,0.3386
BAC,2026-06-13,0.03651335161138025,0.019867560973195086,,0.08501879525344314,0.5194
BAC,2026-06-15,0.03651335161138025,0.019867560973195086,,0.08501879525344314,0.5276
BAC,2026-06-16,0.015657976552766018,0.026741739156988187,,0.0665024413995321,0.4574
BAC,2026-06-17,0.029364936905323935,0.0389174033335582,,0.0723509683514405,0.4331
BAC,2026-06-18,0.029893243458523955,0.06583631161406278,,0.0786476531840199,0.5276
BAC,2026-06-19,0.008889700988769178,0.04340250522617528,,0.056649818032221244,0.3306
BAC,2026-06-20,0.008889700988769178,0.04340250522617528,,0.056649818032221244,0.192
BAC,2026-06-22,0.008889700988769178,0.04340250522617528,,0.056649818032221244,0.3089
BAC,2026-06-23,-0.0160594078332974,0.006734577632119709,,0.04679673789696559,0.3415
BAC,2026-06-24,0.01091288884654018,0.02632947288786336,,0.05006061688141994,0.439
BAC,2026-06-25,0.009279960960155265,0.025433916088065,,0.04175975876480642,0.4919
BBD,2026-06-18,0.029761956495287567,0.042875903451105035,,0.09664486042498854,0.5391
BBD,2026-06-30,0.005992465288592097,,,0.06188088103623568,0.4472
BBD,2026-07-02,0.0798709082084228,,,0.0680366475324734,0.6746
BBD,2026-07-07,,,,0.061764645246487504,0.4683
BBD,2026-07-08,,,,0.05555550133430742,0.664
BBD,2026-07-15,,,,,0.627
BLK,2026-06-08,0.048352860099867945,0.02066809127227409,-0.004453283260254182,0.030831168282948518,0.2
BLK,2026-06-17,-0.08082243051506122,-0.05830451127255343,,-0.030206797299994648,0.2756
BLK,2026-06-18,-0.08130726568838209,-0.03702534555435344,,-0.0234742024173199,0.2441
BLK,2026-06-19,-0.09657330544366238,-0.040228571654069345,,-0.02500622689288834,0.25
BLK,2026-06-20,-0.09657330544366238,-0.040228571654069345,,-0.02500622689288834,0.104
BLK,2026-06-22,-0.09657330544366238,-0.040228571654069345,,-0.02500622689288834,0.2927
BLK,2026-06-23,-0.052958169881913375,-0.024612677468161315,,0.009957279058274482,0.2927
BLK,2026-06-24,-0.0022592822697775627,0.03773663546829664,,0.04359858221527668,0.3252
BLK,2026-06-25,0.024497898980635258,0.06604453408726751,,0.05506621886283525,0.3387
BLK,2026-06-26,0.04820101267831345,0.06929547231653888,,0.06295147562519587,0.344
BLK,2026-07-11,,,,-0.005932875295543205,0.3254
BRK-B,2026-06-08,0.017494843970578877,0.011930179791773687,0.015995910769860178,0.00839834976979592,0.208
BRK-B,2026-06-10,0.01571288086875655,0.00853871349932156,0.020736848600682256,0.015320054114945414,0.2344
BRK-B,2026-06-11,0.007554669395422264,0.026492918526127784,0.02276703382953782,0.010910038699321278,0.2063
BRK-B,2026-06-12,-0.001144604105454694,0.0137966274910577,0.003760850971672225,0.003760850971672225,0.1575
BRK-B,2026-06-13,-0.005468985137153326,0.009828111363296088,,-0.008940088743138563,0.1473
BRK-B,2026-06-18,0.018796249678510568,0.03497731258134662,,0.0033302106633206208,0.2047
BRK-B,2026-06-19,0.014958352988754253,0.03132864900470178,,0.004911076315239571,0.2097
BRK-B,2026-06-20,0.014958352988754253,0.03132864900470178,,0.004911076315239571,0.272
BRK-B,2026-06-23,0.015381216142926313,0.004017797926456845,,-0.0034901914109374266,0.1057
BRK-B,2026-06-24,0.009963405549819004,0.0012934553699306406,,-0.007518039730518233,0.0894
BRK-B,2026-06-25,0.040938072857566565,0.012094860552290587,,0.006723926929978363,0.0726
BRK-B,2026-06-26,0.015882530886761836,-0.003629722747566122,,-0.015180698810061677,0.056
BRK-B,2026-06-27,0.016129032258064502,-0.00989920093167218,,-0.00989920093167218,0.082
BRK-B,2026-06-29,0.016129032258064502,-0.00989920093167218,,-0.00989920093167218,0.0714
BRK-B,2026-06-30,-0.01119128267867231,,,-0.018585539355897907,0.1301
BRK-B,2026-07-01,-0.008584420120814618,,,-0.0173089888052137,0.129
BRK-B,2026-07-02,-0.02770886478010759,,,-0.03286857001364574,0.1508
BRK-B,2026-07-07,-0.025615086631169404,,,-0.025615086631169404,0.2222
BRK-B,2026-07-10,,,,-0.005306749230384766,0.1575
BRK-B,2026-07-11,,,,-0.011593055640266914,0.1811
BRK-B,2026-07-13,,,,-0.011593055640266914,0.1825
BRK-B,2026-07-15,,,,,0.1032
C,2026-07-09,,,,-0.04513865960559138,0.7308
CAT,2026-07-15,,,,,0.12
CDE,2026-06-22,-0.06525469000888817,-0.0818545194065361,,-0.08414421128401472,0.7642
CMCSA,2026-07-02,-0.009247633973798353,,,-0.02522069602267718,0.7984
CMCSA,2026-07-03,0.0252352512303744,,,-0.008126545488838843,0.6774
CMCSA,2026-07-06,0.0252352512303744,,,-0.008126545488838843,0.6694
CMCSA,2026-07-07,-0.009397664023428565,,,-0.009397664023428565,0.5952
CMCSA,2026-07-08,,,,0.0,0.648
CMCSA,2026-07-09,,,,-0.006852241747245635,0.6385
CMCSA,2026-07-10,,,,-0.016122153826333974,0.6535
CMCSA,2026-07-11,,,,-0.03254062585067774,0.6693
CMCSA,2026-07-13,,,,-0.03254062585067774,0.6825
CMCSA,2026-07-15,,,,,0.5556
CNTA,2026-07-01,,,,,0.8136
COIN,2026-07-08,,,,0.013428710977988256,0.736
COIN,2026-07-09,,,,0.019313289014403878,0.6231
COIN,2026-07-10,,,,0.01527624670833383,0.7559
COP,2026-07-13,,,,-0.00868405618777024,0.4683
COP,2026-07-14,,,,,0.3217
COP,2026-07-15,,,,,0.32
COST,2026-07-13,,,,-0.00505164201588959,0.2222
COST,2026-07-15,,,,,0.1746
CRM,2026-06-08,-0.09627665730395685,-0.15740364016858055,-0.0851277223390755,-0.079745498101493,0.496
CRM,2026-06-11,-0.0881345655626955,-0.0485431179284862,0.028657280624307724,0.006668673059193386,0.4683
CRM,2026-07-08,,,,0.005883033478010002,0.744
CRM,2026-07-09,,,,0.0311384465144231,0.7615
CRM,2026-07-10,,,,0.025961242004832075,0.4397
CRM,2026-07-11,,,,-0.021376028711690198,0.8425
CRM,2026-07-15,,,,,0.824
CRNX,2026-07-08,,,,0.0010780209556600084,0.816
CRWD,2026-07-15,,,,,0.088
CVS,2026-06-17,0.05546591162643977,0.05607096967785119,,0.0707946388040408,0.5197
CVS,2026-06-18,0.06122860721879464,0.038242495401761056,,0.07994304958043363,0.6457
CVS,2026-06-19,0.022507391022801304,0.02991114203371481,,0.048173712797665136,0.6532
CVS,2026-06-20,0.022507391022801304,0.02991114203371481,,0.048173712797665136,0.824
CVS,2026-06-22,0.022507391022801304,0.02991114203371481,,0.048173712797665136,0.6748
CVS,2026-06-23,0.01850937539693409,0.028551752826545318,,0.04538742369009263,0.5854
CVS,2026-06-24,0.028860260456902376,0.009227395569529007,,0.04230879986639002,0.6667
CVS,2026-06-25,0.0005732615755245085,-0.004872942082793985,,0.014523185456534637,0.7016
CVS,2026-06-26,-0.021659905943615998,0.014951171580804168,,0.017634694574135912,0.592
CVS,2026-06-27,0.007240779945373088,0.025101355745888787,,0.025101355745888787,0.6148
CVS,2026-06-29,0.007240779945373088,0.025101355745888787,,0.025101355745888787,0.4683
CVS,2026-06-30,0.009859877260037564,,,0.026389593402302847,0.626
CVS,2026-07-01,-0.019082149094430623,,,0.013071298335028736,0.5
CVS,2026-07-02,-0.005443083347782984,,,0.013941931507388317,0.5
CVS,2026-07-03,0.037421626433221,,,0.040164561134184984,0.4274
CVS,2026-07-06,0.037421626433221,,,0.040164561134184984,0.4194
CVS,2026-07-07,0.017732180980087442,,,0.017732180980087442,0.4762
CVS,2026-07-08,,,,0.016368326452491422,0.408
CVS,2026-07-09,,,,0.03277894005066351,0.4538
CVS,2026-07-10,,,,0.01949110657278741,0.5039
CVS,2026-07-11,,,,0.002643992212110202,0.5118
CVS,2026-07-13,,,,0.002643992212110202,0.5159
CVS,2026-07-15,,,,,0.448
CVX,2026-06-08,-0.04671322838763614,-0.07006980226548354,-0.07012261618720106,-0.0395265840689184,0.5635
CVX,2026-06-09,-0.035607164768046706,-0.08197685804725907,-0.06805521433345796,-0.026772328909106857,0.5433
CVX,2026-06-10,-0.06438356704014792,-0.09251842611301331,-0.0706006793457179,-0.0423604236862386,0.5391
CVX,2026-06-12,-0.06495034495686514,-0.10014955601830533,-0.029163586573374034,-0.029163586573374034,0.4173
CVX,2026-07-14,,,,,0.2522
CVX,2026-07-15,,,,,0.28
CWAN,2026-06-25,,,,,0.1282
CWAN,2026-06-26,,,,,0.0435
CWAN,2026-06-30,,,,,0.1102
CWAN,2026-07-01,,,,,0.1102
DDOG,2026-07-15,,,,,0.304
DE,2026-06-09,0.013787557418124319,0.04056602343669602,0.029630863082503067,0.014869753323989654,0.3465
DE,2026-06-10,0.05074552533468424,0.12625663274052834,0.050586764599349854,0.04618298436747614,0.3828
DE,2026-06-12,0.03655547563349759,0.08511119880402318,0.014606168164958078,0.014606168164958078,0.3937
DE,2026-06-13,0.028620206558292338,0.10513875559927155,,0.018150013956641287,0.4419
DE,2026-06-15,0.028620206558292338,0.10513875559927155,,0.018150013956641287,0.4567
DE,2026-06-16,0.026414277648830087,0.07511971227233749,,0.001067477991761212,0.3876
DE,2026-06-17,0.07186431498891444,0.05847419354536809,,-0.004342194049082204,0.4803
DE,2026-06-18,0.04073038637885995,0.08086092749619644,,-0.005643281078807627,0.5118
DE,2026-06-19,0.04684334250499256,0.010999959619482524,,-0.021175236622164584,0.4597
DE,2026-06-20,0.04684334250499256,0.010999959619482524,,-0.021175236622164584,0.384
DE,2026-06-22,0.04684334250499256,0.010999959619482524,,-0.021175236622164584,0.4553
DE,2026-06-23,0.07438950601311478,0.010721810497853257,,-0.01017887120522698,0.5935
DE,2026-06-24,0.04745202369463852,-0.010508857783071868,,-0.024694511961709797,0.5366
DE,2026-06-25,-0.012492366110429587,-0.06718705660986912,,-0.07109716031434887,0.592
DE,2026-07-08,,,,-0.020678965751006362,0.576
DE,2026-07-09,,,,-0.014336312447280064,0.5692
DE,2026-07-10,,,,-0.004191733972160883,0.4409
DE,2026-07-11,,,,-0.00211732498353856,0.5197
DE,2026-07-13,,,,-0.00211732498353856,0.4444
DE,2026-07-14,,,,,0.6435
DE,2026-07-15,,,,,0.632
DIA,2026-06-08,0.01872628277673738,0.017920057282417634,0.03003773229116491,0.033820762627503775,0.0714
DIA,2026-06-09,0.02361553685420037,0.02066099666953436,0.03182185871958776,0.032806064688715386,0.0945
DIA,2026-06-10,0.03208388468901591,0.040833434469582874,0.053902521620320165,0.051717611605482494,0.0469
DIA,2026-06-11,0.014855436256521193,0.01924538759830341,0.03247435745625782,0.032907513099653896,0.0238
DIA,2026-06-12,0.010585523886481374,0.019575754767076292,0.025458543108071163,0.025458543108071163,0.0551
DIA,2026-06-13,-0.0007914054127691195,0.010368544184716777,,0.014817012288741216,0.031
DIA,2026-06-15,-0.0007914054127691195,0.010368544184716777,,0.014817012288741216,0.0472
DIA,2026-06-16,-0.0028863768458867733,0.004574869742151044,,0.008978495835223033,0.0698
DIA,2026-06-17,0.00847755682495066,0.025218826039092423,,0.019023382893322394,0.1181
DIA,2026-06-18,0.004325691310257396,0.0282627381521805,,0.017787830855714004,0.0551
DIA,2026-06-19,0.008896061410043288,0.021988850354686784,,0.01471722963573785,0.0403
DIA,2026-06-20,0.008896061410043288,0.021988850354686784,,0.01471722963573785,0.112
DIA,2026-06-22,0.008896061410043288,0.021988850354686784,,0.01471722963573785,0.0894
DIA,2026-06-23,0.011168788637267335,0.011904348403447784,,0.015620780071410545,0.0163
DIA,2026-06-24,0.007482844898293539,0.010934935386452294,,0.011899218309322057,0.0325
DIA,2026-06-25,0.016600537216563627,0.012556367539631852,,0.010457174774988198,0.0242
DIA,2026-06-26,0.02383394853784404,0.012979180498551512,,0.013404157298708252,0.024
DIA,2026-06-27,0.012977341715800561,0.005769839380241892,,0.005769839380241892,0.0164
DIA,2026-06-29,0.012977341715800561,0.005769839380241892,,0.005769839380241892,0.0397
DIA,2026-06-30,0.0007274351962263115,,,0.0044028172983294755,0.0569
DIA,2026-07-01,0.0034264508876151734,,,0.004383571822976551,0.0806
DIA,2026-07-02,-0.003978130572313887,,,-0.006043044653897045,0.1111
DIA,2026-07-03,-0.010602078642532375,,,-0.010186994926306814,0.1048
DIA,2026-07-06,-0.010602078642532375,,,-0.010186994926306814,0.1048
DIA,2026-07-07,-0.007115166389951688,,,-0.007115166389951688,0.1111
DIA,2026-07-08,,,,0.003672710443261229,0.08
DIA,2026-07-09,,,,0.0009538526062520258,0.0923
DIA,2026-07-11,,,,0.00041953162349073203,0.0787
DIA,2026-07-13,,,,0.00041953162349073203,0.0873
DIA,2026-07-15,,,,,0.056
DIS,2026-06-19,-0.037286506333569,-0.041220706704792054,,-0.057056110831169904,0.232
DIS,2026-06-20,-0.037286506333569,-0.041220706704792054,,-0.057056110831169904,0.336
DIS,2026-06-22,-0.037286506333569,-0.041220706704792054,,-0.057056110831169904,0.2276
DIS,2026-06-23,-0.06319411977518452,-0.0588142778302857,,-0.06689265132293742,0.1789
DIS,2026-06-24,-0.04624831267488605,-0.0416644143656133,,-0.04465387359668338,0.1382
DIS,2026-06-25,0.02256410674583531,-0.017310726677457478,,-0.01474147012784488,0.1613
DIS,2026-06-26,-0.006413549300906429,-0.02079565053732102,,-0.022121628411957084,0.272
DIS,2026-06-27,-0.004086574455542169,-0.02053529386225761,,-0.02053529386225761,0.2951
DIS,2026-06-29,-0.004086574455542169,-0.02053529386225761,,-0.02053529386225761,0.2778
DIS,2026-07-14,,,,,0.2609
DIS,2026-07-15,,,,,0.2778
DUK,2026-06-12,-0.011602821184869327,0.02688645737001827,0.011202700745809091,0.011202700745809091,0.1024
DUK,2026-06-13,-0.0018358535263418574,0.010376780527017626,,0.008700542607806172,0.0853
DUK,2026-06-15,-0.0018358535263418574,0.010376780527017626,,0.008700542607806172,0.1024
DUK,2026-06-16,0.003728393065251634,-0.002300499136473233,,0.0024591876407438207,0.1628
DUK,2026-06-17,0.02731752333075943,0.047442031741067536,,0.021336776190271634,0.1811
DUK,2026-06-18,0.03665423271242396,0.017035367349862662,,0.02026483226111586,0.1575
DUK,2026-06-19,0.038941105235678286,0.03805055622870723,,0.023073236568741606,0.1452
DUK,2026-06-20,0.038941105235678286,0.03805055622870723,,0.023073236568741606,0.144
DUK,2026-06-22,0.038941105235678286,0.03805055622870723,,0.023073236568741606,0.1626
DUK,2026-06-23,0.012235095897307646,0.013914416803727514,,0.010555774990888223,0.1382
DUK,2026-06-24,-0.006006497617660811,-0.010037118907126663,,-0.0012644909053852738,0.1301
DUK,2026-06-25,0.01958937519634696,-0.012823516997805928,,-0.005821712376809285,0.1129
DUK,2026-06-26,-0.018925177502269186,-0.011993717751843103,,-0.015809900672884014,0.08
DUK,2026-06-29,-0.0008571698650513548,-0.015273116625159622,,-0.015273116625159622,0.1429
DUK,2026-07-02,-0.031790143152395034,,,-0.02492286423469514,0.1429
DUK,2026-07-03,0.007065169334158572,,,0.0031753712947744095,0.1694
DUK,2026-07-06,0.007065169334158572,,,0.0031753712947744095,0.1694
DUK,2026-07-07,-0.014428314276309417,,,-0.014428314276309417,0.2063
DUK,2026-07-09,,,,0.00886157266023635,0.2077
DUK,2026-07-10,,,,0.0070927587331728326,0.2677
DUK,2026-07-14,,,,,0.152
DUK,2026-07-15,,,,,0.1429
EQIX,2026-06-08,0.0015431946322785883,0.05004993127701174,-0.044008901482041174,-0.03688579762429578,0.08
EQIX,2026-06-09,0.03287297046177984,0.03317485216032012,-0.02356013314123173,-0.034250442485316834,0.2047
EQIX,2026-06-10,0.04833729700650102,0.04746085674357592,0.012404539431523531,-0.0142440059068899,0.2422
EQIX,2026-06-18,-0.0008147782216152422,-0.08547040309727494,,-0.06285533383553776,0.2656
EQIX,2026-06-19,-0.027573076578084388,-0.0833467333495227,,-0.08280012207688214,0.2984
EQIX,2026-06-20,-0.027573076578084388,-0.0833467333495227,,-0.08280012207688214,0.048
EQIX,2026-06-22,-0.027573076578084388,-0.0833467333495227,,-0.08280012207688214,0.3496
EQIX,2026-06-24,-0.07431963916238571,-0.05491324646832196,,-0.0652602940389555,0.065
EQIX,2026-06-25,-0.07869545790593868,-0.03346790200928185,,-0.05890899144651429,0.1048
EQIX,2026-06-26,-0.08472465668075702,-0.04743885019233929,,-0.06209114612754241,0.168
EQIX,2026-06-27,-0.0573551137140198,-0.05679300332867887,,-0.05679300332867887,0.1721
EQIX,2026-06-29,-0.0573551137140198,-0.05679300332867887,,-0.05679300332867887,0.1746
EQIX,2026-06-30,-0.025345641817398956,,,-0.018083477735011955,0.2358
EQIX,2026-07-01,0.02096446410130559,,,0.009786688263789811,0.5726
EQIX,2026-07-02,0.04909077707774867,,,0.021476575394332897,0.8095
EQIX,2026-07-14,,,,,0.4348
EQIX,2026-07-15,,,,,0.408
F,2026-07-14,,,,,0.744
F,2026-07-15,,,,,0.736
FCX,2026-06-09,0.09182881752340699,-0.037509725251550385,-0.057898851684095254,-0.035797653495105775,0.7087
FCX,2026-06-10,0.11243549487215732,0.01159789601754957,-0.009020640411947944,-0.0020940893086476287,0.7266
FCX,2026-06-11,0.03527289865026173,-0.05863725941644904,-0.09602043214990696,-0.06617419079421616,0.8016
FCX,2026-06-12,0.011694129214122162,-0.09925455878882561,-0.0944306761197845,-0.0944306761197845,0.622
FCX,2026-06-24,-0.02118372202552765,-0.02118372202552765,,0.0017787938240643175,0.7398
FCX,2026-06-25,-0.02914009615588453,-0.020382146414764657,,-0.013535007714131964,0.7581
FCX,2026-07-15,,,,,0.84
GM,2026-06-11,-0.019294960890977375,-0.0340136060841143,-0.0510822180749938,-0.0492269115974443,0.8492
GM,2026-06-15,-0.060901662485639885,-0.0831449731074505,,-0.08564288062779013,0.7565
GM,2026-06-16,-0.04314634705875331,-0.08471706838187953,,-0.06835534169949908,0.7323
GM,2026-06-18,-0.015008228372629717,-0.018161211057878268,,-0.03052084930007115,0.8438
GM,2026-07-13,,,,0.0019551814845177873,0.8095
GM,2026-07-15,,,,,0.7381
GOOGL,2026-07-09,,,,0.0017275351552894502,0.7231
GOOGL,2026-07-10,,,,0.006523369554908731,0.748
GOOGL,2026-07-11,,,,0.01985759214228877,0.6929
GOOGL,2026-07-13,,,,0.01985759214228877,0.7063
GOOGL,2026-07-14,,,,,0.8261
GOOGL,2026-07-15,,,,,0.704
GRAB,2026-06-24,0.11461320752847981,0.11174788075600683,,0.08882519826144364,0.8455
GRAB,2026-06-25,0.1271676451934678,0.1358381570602356,,0.09826587006380527,0.8145
GRAB,2026-06-27,0.05080215420747902,0.01604276540816718,,0.01604276540816718,0.8374
GS,2026-06-27,0.022318893174629206,0.11741697831562203,,0.11741697831562203,0.7705
HD,2026-06-09,0.04904618437184238,0.06700276873927824,0.05415001755570459,0.05106900802243941,0.4724
HD,2026-06-10,0.026840578195740594,0.08177594843283553,0.07644541997599896,0.05901158915793525,0.4453
HD,2026-06-12,-0.005389991937315486,0.06827242580490211,0.028472167754391764,0.028472167754391764,0.3071
HD,2026-06-13,-0.01628159298386256,0.06931048706542153,,0.024013045704564417,0.2868
HD,2026-06-15,-0.01628159298386256,0.06931048706542153,,0.024013045704564417,0.3071
HD,2026-06-16,0.01711705798557195,0.04079029383659716,,0.0019282503294248965,0.2946
HD,2026-06-17,0.05349941500522082,0.09289111362411129,,0.03133009314719737,0.378
HD,2026-06-18,0.04361609018041146,0.04897090815174843,,0.010350578759462437,0.4094
HD,2026-06-19,0.07406160921877158,0.056916283803202905,,0.03404566555454691,0.4194
HD,2026-06-20,0.07406160921877158,0.056916283803202905,,0.03404566555454691,0.472
HD,2026-06-22,0.07406160921877158,0.056916283803202905,,0.03404566555454691,0.4797
HD,2026-06-23,0.08700872062453957,0.03624588936844564,,0.04096155810548541,0.3333
HD,2026-06-24,0.023274839080873022,-0.012045658699423867,,-0.014933195286517709,0.3171
HD,2026-07-09,,,,-0.0029227429511495817,0.2769
HD,2026-07-14,,,,,0.248
HD,2026-07-15,,,,,0.254
HON,2026-06-09,0.06393139766406541,0.054334757388637245,-0.0123738145510226,-0.01564500248591938,0.1339
HON,2026-06-18,0.013973219356856914,-0.037465048368762965,,-0.07285542533940215,0.25
HON,2026-06-19,-0.04779581114631981,-0.059290813272165566,,-0.06919745847584813,0.2903
HON,2026-06-20,-0.04779581114631981,-0.059290813272165566,,-0.06919745847584813,0.24
HON,2026-06-22,-0.04779581114631981,-0.059290813272165566,,-0.06919745847584813,0.3008
HON,2026-06-23,-0.03993956010307276,-0.05511869187691332,,-0.045170801463287225,0.187
HON,2026-06-24,-0.07027254294835505,-0.06327077000181869,,-0.06637337845892655,0.2033
HON,2026-06-25,-0.052190325449927966,-0.06637490556731751,,-0.08179652472627819,0.1774
HON,2026-06-26,-0.050729414489118496,-0.08739772335888862,,-0.08563208873636008,0.208
HON,2026-06-30,-0.01581060019041114,,,-0.005448866699242494,0.0488
HON,2026-07-01,0.007530995124894302,,,0.004193879033962844,0.5242
HON,2026-07-03,-0.03862787853058347,,,-0.03676788766024763,0.5565
HON,2026-07-15,,,,,0.4127
IBM,2026-07-14,,,,,0.3826
IBM,2026-07-15,,,,,0.5873
ISRG,2026-07-07,-0.11186517472153168,,,-0.11186517472153168,0.68
ISRG,2026-07-08,,,,-0.08576248031814737,0.712
ISRG,2026-07-09,,,,-0.07787629387342276,0.6769
ISRG,2026-07-10,,,,-0.06706327464762585,0.8031
ISRG,2026-07-11,,,,-0.06784239400778436,0.7402
ISRG,2026-07-13,,,,-0.06784239400778436,0.746
IWM,2026-06-11,0.02025737819818829,0.03489211338443732,0.012974560276431069,0.01652970039325541,0.5873
IWM,2026-06-24,0.008864487718395209,0.0018537456215006465,,-0.007347711947967572,0.4146
IWM,2026-06-27,-0.009298587710961148,-0.014917856095487347,,-0.014917856095487347,0.3525
IWM,2026-07-03,-0.01813309809579089,,,-0.014687133558054621,0.2258
IWM,2026-07-06,-0.01813309809579089,,,-0.014687133558054621,0.2339
IWM,2026-07-07,-0.005672010067637512,,,-0.005672010067637512,0.0593
IWM,2026-07-08,,,,0.003509604541158451,0.088
IWM,2026-07-09,,,,-0.009184431968919826,0.0615
IWM,2026-07-10,,,,-0.005000103103412701,0.1102
IWM,2026-07-11,,,,0.003509604541158451,0.1496
IWM,2026-07-14,,,,,0.1043
IWM,2026-07-15,,,,,0.096
JPM,2026-06-08,0.026646577459471965,0.07402529951275683,0.06749837639831502,0.10711553846179611,0.246
JPM,2026-06-09,0.05897025087051233,0.06635756069666865,0.07765032668173188,0.10148607910455465,0.2598
JPM,2026-06-10,0.0786697763987596,0.08403951818985034,0.0933097128555096,0.11417060093391118,0.2656
JPM,2026-06-12,0.03354946970156081,0.027032880778098844,0.07394203640488617,0.07394203640488617,0.2598
JPM,2026-06-13,0.04614900891261686,0.024827716470863903,,0.0783803918203787,0.3101
JPM,2026-06-16,0.006975937067243976,0.008848252470137208,,0.04014827441950586,0.3798
JPM,2026-07-01,0.008714488994158609,,,0.031025500488038205,0.121
KLAC,2026-07-15,,,,,0.144
LIN,2026-06-10,0.013139233002810169,0.02576798165684746,0.040517664814310406,0.02627852594272828,0.3359
LIN,2026-06-12,-0.013102326824680932,-0.023893671506431846,-0.0019673191406419654,-0.0019673191406419654,0.2835
LIN,2026-06-13,-0.01768039243776398,-0.0048707105209687684,,0.0020326716236371833,0.186
LIN,2026-06-15,-0.01768039243776398,-0.0048707105209687684,,0.0020326716236371833,0.2126
LIN,2026-06-16,-0.004708884192215601,0.029681389100223443,,0.008433516531862084,0.2558
LIN,2026-06-17,0.012464968528173026,0.059687972317002735,,0.012968891650730896,0.2835
LIN,2026-06-18,0.014585512734615502,0.055393915385721026,,0.020286933745962576,0.2756
LIN,2026-06-19,-0.010934613562346374,0.04164803774065873,,0.011282839129828304,0.2823
LIN,2026-06-20,-0.010934613562346374,0.04164803774065873,,0.011282839129828304,0.352
LIN,2026-06-22,-0.010934613562346374,0.04164803774065873,,0.011282839129828304,0.252
LIN,2026-06-23,0.013040238450074515,0.030082327042436408,,0.02006787191219983,0.2602
LIN,2026-06-24,0.03455297927031897,0.01906039490065936,,0.013204579560032847,0.2764
LIN,2026-06-25,0.046641617494655785,0.014379161195535506,,0.0004977190700143908,0.2258
LIN,2026-06-26,0.04022174783583732,0.008544710525246302,,0.005619458330308635,0.152
LIN,2026-06-27,0.053163978867356354,0.022463077766977424,,0.022463077766977424,0.2049
LIN,2026-06-29,0.053163978867356354,0.022463077766977424,,0.022463077766977424,0.2143
LIN,2026-06-30,0.016822716359654155,,,0.006937171096853323,0.187
LIN,2026-07-01,-0.014975148378178482,,,-0.02063538565743006,0.1855
LIN,2026-07-08,,,,-0.009721994900145692,0.256
LIN,2026-07-09,,,,-0.00574628880675665,0.4308
LIN,2026-07-10,,,,-0.01368466807732971,0.3701
LIN,2026-07-14,,,,,0.4174
LIN,2026-07-15,,,,,0.368
LLY,2026-07-15,,,,,0.52
LMT,2026-06-12,-0.0864842031875458,-0.07080859577576126,-0.046897314703978954,-0.046897314703978954,0.6457
LMT,2026-06-13,-0.050324256469190476,-0.039407184692921926,,-0.02898030685139097,0.5814
LMT,2026-06-16,-0.0826756162876573,-0.026364408174235132,,-0.03910816586484123,0.5814
LMT,2026-06-17,-0.051284975080636674,0.02552969197724564,,-0.03255563730725719,0.5354
LMT,2026-06-18,-0.00694787792491236,0.05294057568592114,,0.007906797007192878,0.5512
LMT,2026-06-19,0.017159645696857906,0.0846434324608476,,0.04333465126897407,0.6129
LMT,2026-06-20,0.017159645696857906,0.0846434324608476,,0.04333465126897407,0.48
LMT,2026-06-22,0.017159645696857906,0.0846434324608476,,0.04333465126897407,0.626
LMT,2026-06-23,0.011495578201965895,0.0482260366854399,,0.02247498660800229,0.6341
LMT,2026-07-07,-0.03808512544823295,,,-0.03808512544823295,0.4
LMT,2026-07-08,,,,-0.024566314111853282,0.464
LMT,2026-07-09,,,,-0.006309611912230673,0.6
LMT,2026-07-11,,,,-0.01092802205086707,0.5476
LMT,2026-07-13,,,,-0.01092802205086707,0.5556
LMT,2026-07-14,,,,,0.6
LMT,2026-07-15,,,,,0.5714
LOW,2026-06-13,-0.030201231125573158,0.0013624735384507591,,-0.05681461295661683,0.4496
LOW,2026-06-15,-0.030201231125573158,0.0013624735384507591,,-0.05681461295661683,0.4646
LOW,2026-06-16,-0.011472222458727366,-0.009374190087781176,,-0.07293996645409562,0.5116
LOW,2026-06-17,0.021447914169857585,0.04708425243417613,,-0.04413868186173364,0.3386
LOW,2026-06-18,0.00126012053619462,0.007110719409337829,,-0.06534655477895046,0.4016
LOW,2026-06-19,0.024486940995599005,0.030317165042170302,,-0.031343290167945015,0.5484
LOW,2026-06-20,0.024486940995599005,0.030317165042170302,,-0.031343290167945015,0.552
LOW,2026-06-22,0.024486940995599005,0.030317165042170302,,-0.031343290167945015,0.5285
LOW,2026-06-23,0.03254665367399645,-0.0032311848099230156,,-0.0274421691233242,0.6585
LOW,2026-06-24,0.0021223807955752516,-0.03815758439688366,,-0.06218109940041816,0.5691
LOW,2026-06-25,0.025098037705773235,-0.04641097703281616,,-0.06420943752662533,0.4113
LOW,2026-06-26,0.0058432356918503014,-0.06643293358112623,,-0.06652284850761447,0.376
LOW,2026-06-27,0.005690871999701086,-0.05449579582662911,,-0.05449579582662911,0.3852
LOW,2026-06-29,0.005690871999701086,-0.05449579582662911,,-0.05449579582662911,0.3175
LOW,2026-06-30,-0.03465009387867857,,,-0.058097929603344256,0.3252
LOW,2026-07-01,-0.040194656824729336,,,-0.06416729276612243,0.2419
LOW,2026-07-02,-0.06975822029532963,,,-0.08712091131524724,0.2778
LOW,2026-07-03,-0.07185629599950794,,,-0.07194568858405559,0.2581
LOW,2026-07-06,-0.07185629599950794,,,-0.07194568858405559,0.3468
LOW,2026-07-07,-0.05984609138060071,,,-0.05984609138060071,0.4048
LOW,2026-07-08,,,,-0.02428946807368193,0.52
LOW,2026-07-09,,,,-0.02497656020759975,0.5308
LOW,2026-07-14,,,,,0.6348
LOW,2026-07-15,,,,,0.6111
LRCX,2026-07-15,,,,,0.536
LULU,2026-07-03,0.04029750680305266,,,0.014527847752013878,0.8306
LULU,2026-07-06,0.04029750680305266,,,0.014527847752013878,0.8145
LYG,2026-06-09,0.041198461405480113,0.050561792736216526,0.11797745685427508,0.11048682750782413,0.5906
LYG,2026-06-11,0.022140199975999808,0.049815493934666666,0.08671582722799953,0.09409589388666628,0.5794
MA,2026-06-17,-0.00825564861882,0.09411957802381932,,0.09317012975730976,0.3858
MA,2026-06-18,0.018844780303796327,0.08842558439402404,,0.10031218442972345,0.3071
MA,2026-06-19,0.0527794222257163,0.09818424531521774,,0.11326799533850318,0.4032
MA,2026-06-20,0.0527794222257163,0.09818424531521774,,0.11326799533850318,0.376
MA,2026-06-22,0.0527794222257163,0.09818424531521774,,0.11326799533850318,0.5203
MA,2026-06-23,0.052308068869751034,0.06513407322028564,,0.10418980261754851,0.374
MA,2026-06-24,0.05669377752730287,0.060004952479996154,,0.09003033625855283,0.3659
MA,2026-06-25,0.1032274360827603,0.07916009133356505,,0.10227008425596407,0.2823
MA,2026-06-26,0.06829382201818812,0.0793182183221044,,0.07996056484839187,0.248
MA,2026-06-27,0.043128524485698705,0.05745607468742686,,0.05745607468742686,0.2358
MA,2026-06-29,0.043128524485698705,0.05745607468742686,,0.05745607468742686,0.2857
MA,2026-06-30,0.012188450065113265,,,0.049302799515280826,0.2602
MA,2026-07-01,0.0031335236594669524,,,0.03154798432641348,0.3145
MA,2026-07-09,,,,0.028325701411402893,0.1154
MA,2026-07-14,,,,,0.12
MA,2026-07-15,,,,,0.1508
MARA,2026-07-15,,,,,0.7619
MCD,2026-06-10,0.004601509135992332,-0.06364144544788264,-0.02803335416303232,-0.048067347799622295,0.1953
MCD,2026-06-12,-0.05164843783986828,-0.061900934075129976,-0.055721341431922644,-0.055721341431922644,0.2126
MCD,2026-06-13,-0.05053820670294529,-0.055256528129459914,,-0.06004471190049043,0.2093
MCD,2026-06-15,-0.05053820670294529,-0.055256528129459914,,-0.06004471190049043,0.1969
MCD,2026-06-16,-0.048796541348123834,-0.06425172948492242,,-0.06595349813299356,0.2016
MCD,2026-06-17,-0.06793037235487265,-0.011239526316276116,,-0.052427610805514835,0.252
MCD,2026-06-18,-0.03176474660364459,0.0031944822340608248,,-0.0347079552728673,0.2283
MCD,2026-06-19,-0.010810860280452084,0.04483519095857158,,-0.00429471912586632,0.3065
MCD,2026-06-22,-0.010810860280452084,0.04483519095857158,,-0.00429471912586632,0.3252
MCD,2026-06-23,-0.004969469503485757,0.02425825019897765,,-0.010012520003078063,0.2846
MCD,2026-06-24,-0.016248036102289865,0.009529667390941077,,-0.018037105131205045,0.2927
MCD,2026-07-09,,,,-0.027306550181323996,0.2692
MCD,2026-07-10,,,,-0.020611811858357143,0.3622
MCD,2026-07-11,,,,-0.013462393556213148,0.3701
MCD,2026-07-13,,,,-0.013462393556213148,0.4524
MCD,2026-07-14,,,,,0.3043
MCD,2026-07-15,,,,,0.4444
MDB,2026-07-14,,,,,0.76
MDT,2026-07-02,0.008174062810669236,,,-0.04676041922691743,0.2903
MDT,2026-07-09,,,,-0.03750450735261024,0.2692
MDT,2026-07-15,,,,,0.373
META,2026-07-07,0.07384898741907198,,,0.07384898741907198,0.592
META,2026-07-08,,,,0.0960339291999468,0.472
META,2026-07-09,,,,0.04681066458615413,0.3385
META,2026-07-14,,,,,0.3652
META,2026-07-15,,,,,0.2619
MRK,2026-07-11,,,,-0.026203338160013634,0.7143
MRK,2026-07-15,,,,,0.768
MSFT,2026-06-08,-0.029095984730389213,-0.09180548086051055,-0.06897555391769994,-0.06511390244929238,0.392
MSFT,2026-06-09,-0.02374759426607531,-0.09407305684669554,-0.04722247375526889,-0.04580950104997061,0.3701
MSFT,2026-06-10,-0.0464314031850227,-0.11206462759429381,-0.03085358289713025,-0.0312814403412659,0.3984
MSFT,2026-07-08,,,,0.004147744438566692,0.608
MSFT,2026-07-09,,,,0.0014830038139830304,0.5846
MSFT,2026-07-10,,,,-0.00044147864201438125,0.6614
MSFT,2026-07-11,,,,-0.01549911176744212,0.6614
MSFT,2026-07-14,,,,,0.6261
MSFT,2026-07-15,,,,,0.5397
MU,2026-07-15,,,,,0.024
NEE,2026-06-19,0.029972139593100078,0.027764862207358965,,0.04019515579545918,0.4
NEE,2026-06-20,0.029972139593100078,0.027764862207358965,,0.04019515579545918,0.696
NEE,2026-06-22,0.029972139593100078,0.027764862207358965,,0.04019515579545918,0.4146
NEE,2026-06-23,0.015503833543436762,0.011685781935256934,,0.0359828832508442,0.3821
NEE,2026-06-24,-0.014266148833791958,-0.005934766676108372,,0.021912783711025563,0.4065
NEE,2026-06-25,0.007297598767604718,0.0029646766850393025,,0.020980661702543424,0.4355
NEE,2026-06-26,-0.012646738347598552,-0.002032523827213195,,0.011065982203592561,0.44
NEE,2026-06-27,-0.0021430457202592512,0.00992552692386206,,0.00992552692386206,0.4672
NEE,2026-06-29,-0.0021430457202592512,0.00992552692386206,,0.00992552692386206,0.4127
NEE,2026-06-30,-0.0037597609010074917,,,0.020166393302474495,0.3902
NEE,2026-07-01,0.008451959063622283,,,0.03670253639155718,0.2016
NEE,2026-07-02,-0.004301531233536826,,,0.013583932843361568,0.1825
NEE,2026-07-03,0.010750169096136686,,,0.02401645031435473,0.2339
NEE,2026-07-06,0.010750169096136686,,,0.02401645031435473,0.2419
NEE,2026-07-07,0.012094491692782094,,,0.012094491692782094,0.254
NEE,2026-07-08,,,,0.02401645031435473,0.248
NEE,2026-07-09,,,,0.028013805788196677,0.2615
NEE,2026-07-10,,,,0.01796273132674009,0.2047
NEE,2026-07-11,,,,0.01312518327855594,0.1969
NEE,2026-07-13,,,,0.01312518327855594,0.246
NEE,2026-07-15,,,,,0.1905
NET,2026-06-11,-0.01486108356722915,0.04308829997608954,0.18505977790223582,0.23878823854913223,0.5238
NET,2026-06-12,-0.04420514282909349,0.06687674660812859,0.23314953286319695,0.23314953286319695,0.708
NET,2026-07-15,,,,,0.344
NFLX,2026-07-10,,,,0.002180673663969568,0.685
NFLX,2026-07-11,,,,-0.004063430100466614,0.7874
NKE,2026-06-09,0.008734588495420192,-0.0633818977456122,-0.04188135907449364,-0.040089604800794154,0.7953
NKE,2026-06-11,-0.016536082173029598,-0.11335942533194754,-0.04786772860669419,-0.06744992462735733,0.6905
NKE,2026-06-12,-0.038726945618701936,-0.07678612818843056,-0.04607165993243412,-0.04607165993243412,0.7638
NKE,2026-06-13,-0.0623893727262147,-0.09181419150066894,,-0.05176991400642883,0.7597
NKE,2026-06-16,-0.07149203275422322,-0.043960912566361254,,-0.0484014267509536,0.6899
NKE,2026-06-18,-0.09845134265104072,-0.04115045528664285,,-0.05176991400642883,0.8189
NKE,2026-06-19,-0.03959247832471968,0.0004630807686878402,,-0.007640611874281,0.7984
NKE,2026-06-22,-0.03959247832471968,0.0004630807686878402,,-0.007640611874281,0.7805
NKE,2026-07-11,,,,-0.020566676090085112,0.746
NKE,2026-07-13,,,,-0.020566676090085112,0.7937
NKE,2026-07-15,,,,,0.8016
NU,2026-06-18,,,,,0.7812
NU,2026-06-27,,,,,0.6557
NU,2026-07-01,,,,,0.7339
NU,2026-07-02,,,,,0.7937
NU,2026-07-03,,,,,0.7177
NU,2026-07-06,,,,,0.7177
NU,2026-07-08,,,,,0.696
NU,2026-07-09,,,,,0.7538
NU,2026-07-10,,,,,0.6693
NU,2026-07-15,,,,,0.6825
NVDA,2026-07-11,,,,0.040632851776453593,0.5159
NVDA,2026-07-14,,,,,0.4
NVDA,2026-07-15,,,,,0.416
ORCL,2026-07-15,,,,,0.616
PANW,2026-06-26,0.1753122433669414,0.08579873286847373,,0.16005917320039087,0.568
PANW,2026-06-27,0.015180748629282759,0.06292173086878772,,0.06292173086878772,0.7131
PANW,2026-06-29,0.015180748629282759,0.06292173086878772,,0.06292173086878772,0.5476
PANW,2026-06-30,-0.05990849021745226,,,0.03480741897006445,0.4553
PANW,2026-07-01,-0.03900128011892201,,,0.0024145156314161476,0.2742
PANW,2026-07-02,-0.0636384360508292,,,0.013876966970416404,0.3968
PANW,2026-07-03,-0.076161471986403,,,-0.012977887580626901,0.6855
PANW,2026-07-06,-0.076161471986403,,,-0.012977887580626901,0.6855
PANW,2026-07-07,0.047027076019680036,,,0.047027076019680036,0.6349
PANW,2026-07-08,,,,0.1007517972472971,0.096
PANW,2026-07-09,,,,0.043096619062576336,0.0846
PANW,2026-07-10,,,,0.08278362334130729,0.0945
PANW,2026-07-11,,,,0.0683924544061083,0.0394
PANW,2026-07-13,,,,0.0683924544061083,0.0397
PANW,2026-07-14,,,,,0.112
PANW,2026-07-15,,,,,0.08
PATH,2026-06-09,,,,,0.3307
PATH,2026-06-10,,,,,0.4531
PATH,2026-06-11,,,,,0.6587
PATH,2026-06-12,,,,,0.5669
PATH,2026-07-15,,,,,0.8254
PFE,2026-07-15,,,,,0.2143
PLD,2026-06-10,-0.026117237988606323,-0.02895032647997242,-0.02660098231307173,-0.015406856074149156,0.4297
PLD,2026-06-12,-0.025992530370170797,-0.05944590738932054,-0.0350668989008418,-0.0350668989008418,0.5039
PLD,2026-06-13,-0.01478673144708642,-0.08112328610315922,,-0.03350744201003253,0.5039
PLD,2026-06-15,-0.01478673144708642,-0.08112328610315922,,-0.03350744201003253,0.4882
PLD,2026-06-16,-0.035929374318617535,-0.06378313972673688,,-0.02484252494747352,0.4031
PLD,2026-06-17,-0.0029090652405787676,-0.010713848016660643,,0.01099760908832259,0.4961
PLD,2026-06-19,-0.03434611957530853,-0.0015295920037707855,,-0.009316528685472836,0.5565
PLD,2026-06-20,-0.03434611957530853,-0.0015295920037707855,,-0.009316528685472836,0.432
PLD,2026-06-22,-0.03434611957530853,-0.0015295920037707855,,-0.009316528685472836,0.5691
PLD,2026-06-23,-0.0673321774822504,-0.029259896729776247,,-0.019001683351710374,0.4797
PLD,2026-06-24,-0.028891830812118102,0.0034784234411056048,,0.011500038561291115,0.4797
PLTR,2026-06-08,-0.012896566945797994,-0.1448670337482324,-0.031142375335124206,-0.02015094874625689,0.456
PLTR,2026-06-09,0.008934599911730734,-0.14060730138850697,-0.02294248406186239,0.012493327818433375,0.5118
PLTR,2026-06-10,0.0032255444842135272,-0.17617701319385393,-0.0262653069810157,0.026956411380494316,0.4609
PLTR,2026-06-11,-0.019911508802963884,-0.13846506921225044,-0.007934151132087397,0.020140367354060995,0.4206
PLTR,2026-07-08,,,,0.011344728378092972,0.784
PLTR,2026-07-09,,,,0.036267887306789204,0.5923
PLTR,2026-07-10,,,,0.05465730937089308,0.7244
PLTR,2026-07-15,,,,,0.744
PYPL,2026-06-27,0.028616503542089777,0.0673726406446098,,0.0673726406446098,0.7236
PYPL,2026-06-29,0.028616503542089777,0.0673726406446098,,0.0673726406446098,0.6905
PYPL,2026-06-30,0.03126443873506135,,,0.09703563216989486,0.7561
PYPL,2026-07-01,0.02836396661347851,,,0.07488085454759186,0.8145
PYPL,2026-07-02,0.018693610101204072,,,0.04178574137175395,0.7778
PYPL,2026-07-03,0.05677536847699671,,,0.05056550835176732,0.7419
PYPL,2026-07-06,0.05677536847699671,,,0.05056550835176732,0.7419
PYPL,2026-07-07,0.037677926582998955,,,0.037677926582998955,0.6746
PYPL,2026-07-08,,,,0.06377723400945312,0.664
PYPL,2026-07-09,,,,0.045233875791368616,0.6615
PYPL,2026-07-10,,,,0.022668377460673295,0.6457
PYPL,2026-07-11,,,,-0.005876234733005581,0.6457
PYPL,2026-07-13,,,,-0.005876234733005581,0.6984
PYPL,2026-07-14,,,,,0.752
PYPL,2026-07-15,,,,,0.7143
QCOM,2026-07-15,,,,,0.568
QQQ,2026-06-24,0.020475061063500277,0.017815477001318802,,0.012791684610520493,0.252
QQQ,2026-07-03,-0.015328874377537605,,,-0.004302572314060948,0.379
QQQ,2026-07-06,-0.015328874377537605,,,-0.004302572314060948,0.379
QQQ,2026-07-14,,,,,0.3739
QQQ,2026-07-15,,,,,0.352
QXO,2026-07-01,-0.11850065800064657,,,-0.12575578973685053,0.5484
RBLX,2026-07-02,-0.0010828618201814688,,,-0.016964422113292743,0.7063
RKT,2026-06-25,0.0669824589092507,-0.026386968653214993,,-0.0324762889653879,0.6694
RKT,2026-06-26,0.03666667938232426,-0.0726666768391927,,-0.04666665395100911,0.648
RTX,2026-06-09,0.028695785326752876,0.01927737413011621,0.07512667753394586,0.0651575346449147,0.5039
RTX,2026-06-10,0.08550813288881787,0.05174450417838483,0.10439089471495966,0.09007381431530859,0.5078
RTX,2026-06-12,-0.009262774257883133,0.020705078608579397,0.05372419046440835,0.05372419046440835,0.4252
RTX,2026-06-13,0.01497495104084079,0.03316268981774928,,0.05309300823570795,0.4031
RTX,2026-06-15,0.01497495104084079,0.03316268981774928,,0.05309300823570795,0.4016
RTX,2026-06-16,-0.009155681719493991,0.026824406447661486,,0.03544463760642347,0.4651
RTX,2026-06-17,-0.031103985025500713,0.0346349470636973,,0.004206031524001785,0.5118
RTX,2026-06-19,0.03024803357319583,0.10460322323558646,,0.06357585350152828,0.5081
RTX,2026-06-20,0.03024803357319583,0.10460322323558646,,0.06357585350152828,0.496
RTX,2026-06-22,0.03024803357319583,0.10460322323558646,,0.06357585350152828,0.5528
RTX,2026-06-23,0.01791939668881226,0.045710629864051056,,0.037555662980429005,0.5041
RTX,2026-06-24,0.03631255435727243,0.05479303751983422,,0.04501243888981077,0.5203
RTX,2026-06-25,0.06784931620441048,0.05005625446809625,,0.03644355638146779,0.5081
RTX,2026-06-26,0.071173941342908,0.04468319405836607,,0.02872489887065144,0.536
RTX,2026-06-27,0.07217212480814506,0.032349316710406084,,0.032349316710406084,0.582
RTX,2026-06-29,0.07217212480814506,0.032349316710406084,,0.032349316710406084,0.5873
RTX,2026-06-30,0.027301997845448955,,,0.01929059054723914,0.4634
RTX,2026-07-14,,,,,0.6957
RTX,2026-07-15,,,,,0.648
SBUX,2026-06-16,0.01819432010787403,0.016817457507281475,,0.044158122052454285,0.3594
SBUX,2026-06-17,0.03346026825782822,0.0445802140036764,,0.0636144910191816,0.3228
SBUX,2026-06-18,0.039244877181910054,0.01450570355031,,0.05484348295461405,0.3228
SBUX,2026-06-19,0.03904139763497172,0.034548168065465124,,0.06010980081224315,0.371
SBUX,2026-06-20,0.03904139763497172,0.034548168065465124,,0.06010980081224315,0.576
SBUX,2026-06-22,0.03904139763497172,0.034548168065465124,,0.06010980081224315,0.3577
SBUX,2026-06-23,0.01128153740940041,0.027906972881335257,,0.050667936294520155,0.3659
SBUX,2026-06-24,-0.0013522591644851145,0.027818071252488252,,0.025499849519716067,0.3496
SBUX,2026-06-27,-0.004324398989043021,0.020276769746832457,,0.020276769746832457,0.2869
SBUX,2026-07-01,0.02920982967684682,,,0.026888468862639625,0.3226
SBUX,2026-07-02,0.01668749927287716,,,0.01822193907210856,0.3413
SBUX,2026-07-03,0.05121923118477456,,,0.03976101786627728,0.3226
SBUX,2026-07-07,0.024708016055527304,,,0.024708016055527304,0.2857
SBUX,2026-07-10,,,,0.0015092541221650713,0.3071
SBUX,2026-07-11,,,,-0.01089992741626633,0.3465
SBUX,2026-07-14,,,,,0.313
SBUX,2026-07-15,,,,,0.328
SCHW,2026-06-13,0.024409030183546676,0.014513466070541936,,0.11159980062071972,0.2016
SCHW,2026-06-15,0.024409030183546676,0.014513466070541936,,0.11159980062071972,0.2047
SCHW,2026-06-16,-0.024340758234932758,0.022525895714718747,,0.07932102541279917,0.3411
SCHW,2026-06-17,-0.05364511247726067,0.026346395169691617,,0.06972803077912881,0.2992
SCHW,2026-06-18,-0.011232266233097365,0.09727378511663987,,0.10250819889540996,0.2362
SCHW,2026-06-19,-0.016081666273715323,0.10757363530581743,,0.09855481707193725,0.2661
SCHW,2026-06-20,-0.016081666273715323,0.10757363530581743,,0.09855481707193725,0.368
SCHW,2026-06-22,-0.016081666273715323,0.10757363530581743,,0.09855481707193725,0.3171
SCHW,2026-06-23,-0.00965977829308251,0.09155306372153627,,0.08511323882175326,0.2683
SCHW,2026-06-24,0.04803588378342494,0.11511110999802154,,0.10624793904498575,0.2358
SCHW,2026-06-25,0.08452590957325201,0.15295169870034164,,0.13036667838144922,0.2661
SCHW,2026-06-26,0.10973866525393428,0.12914965612609142,,0.11503254125738005,0.232
SCHW,2026-06-27,0.12567638729855424,0.116510160870265,,0.116510160870265,0.2459
SCHW,2026-06-29,0.12567638729855424,0.116510160870265,,0.116510160870265,0.2302
SCHW,2026-06-30,0.10220007205218007,,,0.09569743310181655,0.2114
SCHW,2026-07-01,0.06400088704258278,,,0.05554395241832211,0.2097
SCHW,2026-07-14,,,,,0.3391
SCHW,2026-07-15,,,,,0.296
SHOP,2026-06-09,0.025448335759695295,0.033961239469162186,0.1154682141951513,0.13819962315958634,0.748
SHOP,2026-06-10,-0.001016641529150819,0.03160818756747119,0.13253238790889,0.1615527158036354,0.7422
SHOP,2026-06-12,-0.002402018772793668,0.055155223009307086,0.1611234551515437,0.1611234551515437,0.8031
SHOP,2026-06-13,-0.04275933549593325,0.015023579638190787,,0.11725489102933362,0.8372
SHOP,2026-06-15,-0.04275933549593325,0.015023579638190787,,0.11725489102933362,0.1217
SHOP,2026-06-16,0.008301640767850227,0.07418523048175807,,0.10995316240516395,0.7674
SHOP,2026-06-30,0.04414083816830128,,,0.10071816403278389,0.7886
SHOP,2026-07-01,0.012661357808952056,,,0.033297732000433955,0.6855
SHOP,2026-07-02,0.02578270429147378,,,0.052067648320546445,0.4683
SHOP,2026-07-03,0.03828865071991516,,,0.046112876175065765,0.8226
SHOP,2026-07-15,,,,,0.8413
SLB,2026-06-08,-0.05022104670032734,-0.15490713421251934,-0.16127319283689556,-0.15932800076199505,0.784
SLB,2026-07-14,,,,,0.512
SLB,2026-07-15,,,,,0.7302
SMCI,2026-06-12,,,,,0.811
SMH,2026-07-03,-0.030911787279699454,,,-0.006602664760837262,0.0081
SMH,2026-07-06,-0.030911787279699454,,,-0.006602664760837262,0.0081
SMH,2026-07-15,,,,,0.184
SNOW,2026-07-15,,,,,0.112
SNPS,2026-07-13,,,,-0.018256450357337584,0.6349
SNPS,2026-07-15,,,,,0.4683
SO,2026-06-12,-0.006063826540683159,0.0292553191489362,0.020851054090134546,0.020851054090134546,0.1417
SO,2026-06-13,0.011831172606716622,0.020144951991005966,,0.02280962904081618,0.1008
SO,2026-06-15,0.011831172606716622,0.020144951991005966,,0.02280962904081618,0.1181
SO,2026-06-16,0.015586907631821578,0.008588752083097395,,0.017495510217289123,0.1473
SO,2026-06-17,0.03652874664868966,0.058899866524759315,,0.03706906247083208,0.2047
SO,2026-06-18,0.043721210488028905,0.03115266559204377,,0.030830409920360458,0.1732
SO,2026-06-19,0.03553462147040465,0.04131435938931194,,0.027079083496018397,0.1774
SO,2026-06-20,0.03553462147040465,0.04131435938931194,,0.027079083496018397,0.168
SO,2026-06-22,0.03553462147040465,0.04131435938931194,,0.027079083496018397,0.187
SO,2026-06-23,0.008216567752969306,0.015274380528608411,,0.010850087179876677,0.0894
SO,2026-06-24,-0.006890750063963114,-0.006368768199268349,,0.0018793099547906866,0.122
SO,2026-06-25,0.02158272980696374,-0.0031279641361992017,,0.0005212743244116247,0.129
SO,2026-06-27,0.005581404811652035,-0.008165384139817489,,-0.008165384139817489,0.1066
SO,2026-06-29,0.005581404811652035,-0.008165384139817489,,-0.008165384139817489,0.127
SO,2026-06-30,0.0070002943825542285,,,0.0026120572812811105,0.122
SO,2026-07-01,0.000525603668205088,,,0.008830911623588955,0.1048
SO,2026-07-02,-0.02418863712372299,,,-0.020616495236300603,0.127
SO,2026-07-03,0.00500055597057969,,,-0.00031251984544722333,0.121
SO,2026-07-06,0.00500055597057969,,,-0.00031251984544722333,0.129
SO,2026-07-07,-0.013670488421615556,,,-0.013670488421615556,0.1746
SO,2026-07-09,,,,0.008300944948269606,0.1308
SO,2026-07-10,,,,0.003660688964405301,0.1181
SO,2026-07-11,,,,-0.005286639678418692,0.126
SO,2026-07-14,,,,,0.0957
SO,2026-07-15,,,,,0.0794
SOFI,2026-06-12,,,,,0.8346
SOFI,2026-06-16,,,,,0.7734
SOFI,2026-06-17,,,,,0.8268
SOFI,2026-06-19,,,,,0.8468
SOFI,2026-06-23,,,,,0.7967
SOFI,2026-06-24,,,,,0.8374
SOFI,2026-06-26,,,,,0.792
SOFI,2026-06-27,,,,,0.8455
SOFI,2026-06-29,,,,,0.8254
SOFI,2026-07-15,,,,,0.8492
T,2026-07-14,,,,,0.504
T,2026-07-15,,,,,0.6349
TGT,2026-06-08,0.07421147743528267,0.08179397668631339,0.06816162672450665,0.08090666032535188,0.736
TGT,2026-06-11,-0.014324441384403808,0.05842883018442491,0.016058541108367352,0.010253321898444634,0.5714
TGT,2026-06-18,0.0738105667051463,-0.03549033825981884,,0.024934942403734173,0.7244
TGT,2026-06-19,0.03229786926229572,-0.016804075754074055,,0.032914548778902875,0.6855
TGT,2026-06-20,0.03229786926229572,-0.016804075754074055,,0.032914548778902875,0.792
TGT,2026-06-23,-0.02609797915197265,-0.0126016138521724,,-0.0008202267530454943,0.6829
TGT,2026-06-30,0.013858031928148495,,,0.02595512880948392,0.8293
TGT,2026-07-01,0.015196953629276644,,,0.02847499351480942,0.8468
TGT,2026-07-03,0.06875500319787187,,,0.06264870437330083,0.7823
TGT,2026-07-06,0.06875500319787187,,,0.06264870437330083,0.7742
TGT,2026-07-07,0.05056837941136627,,,0.05056837941136627,0.7143
TGT,2026-07-14,,,,,0.8348
TGT,2026-07-15,,,,,0.784
TMO,2026-07-14,,,,,0.5304
TMO,2026-07-15,,,,,0.5635
TSLA,2026-06-11,0.0033571247861228226,-0.04870350178797156,-0.010998331950364149,-0.007440814896951475,0.7302
TSLA,2026-07-03,-0.05958019844823237,,,-0.05619743420276346,0.6532
TSLA,2026-07-06,-0.05958019844823237,,,-0.05619743420276346,0.6452
TSLA,2026-07-07,-0.016679079976431144,,,-0.016679079976431144,0.7698
TSLA,2026-07-08,,,,0.005379879029391521,0.8
TSLA,2026-07-09,,,,-0.025507306428621312,0.5769
TSLA,2026-07-10,,,,-0.028399099500953318,0.811
TSLA,2026-07-11,,,,0.0035970789214423426,0.7953
TSLA,2026-07-13,,,,0.0035970789214423426,0.7857
TSLA,2026-07-14,,,,,0.456
TSLA,2026-07-15,,,,,0.6429
TSM,2026-06-08,0.03663002455365838,0.02486406401281127,0.026249673271287133,-0.01271201351823703,0.696
TSM,2026-06-09,-0.0025537334832954617,0.03258163619366239,0.023516722254302014,-0.01529609512169361,0.6772
TSM,2026-06-10,0.059723585788932,0.06668786010415473,0.06452990119382962,0.03088561852396232,0.6953
TSM,2026-06-11,0.09748969786242867,0.026788891593058528,0.0012111507330754279,-0.0016149159616056785,0.6746
TSM,2026-06-12,0.1031774620990431,0.0735263226623668,-0.008350383526770533,-0.008350383526770533,0.685
TSM,2026-06-13,-0.011350202350074778,0.08194384668753951,,-0.04759850371219998,0.3566
TSM,2026-06-15,-0.011350202350074778,0.08194384668753951,,-0.04759850371219998,0.3543
TSM,2026-06-16,0.03522532577083881,0.0432097902784494,,-0.012774985546737505,0.1938
TSM,2026-06-17,0.006571783820436439,0.004651185454156215,,-0.027212725706676322,0.2283
TSM,2026-06-18,-0.06442047374756554,-0.02235347243446173,,-0.09030117915189506,0.1811
TSM,2026-06-19,-0.026877941632580393,-0.07505293282811543,,-0.1010969218076726,0.129
TSM,2026-06-20,-0.026877941632580393,-0.07505293282811543,,-0.1010969218076726,0.672
TSM,2026-06-27,-0.049505599817927126,-0.07626893207991536,,-0.07626893207991536,0.0902
TSM,2026-07-03,-0.06686739724491375,,,-0.06950130215941297,0.0161
TSM,2026-07-06,-0.06686739724491375,,,-0.06950130215941297,0.0161
UBER,2026-06-19,0.05697885590698104,0.04059920920466209,,0.009099839326639492,0.68
UBER,2026-06-20,0.05697885590698104,0.04059920920466209,,0.009099839326639492,0.632
UBER,2026-06-22,0.05697885590698104,0.04059920920466209,,0.009099839326639492,0.6911
UBER,2026-06-23,0.03573999653517945,0.05640879013152511,,0.034591699805492704,0.6504
UBER,2026-06-24,-0.01611367415841891,0.006770480844020765,,-0.02396745673172429,0.6585
UBER,2026-06-25,0.030173014604509163,0.03169551440176255,,-0.002352915833153113,0.4677
UBER,2026-06-26,-0.04960628517957011,-0.02545925052109166,,-0.05406817955630561,0.424
UBER,2026-06-27,-0.015496664489341838,-0.04529798899265314,,-0.04529798899265314,0.4918
UBER,2026-06-29,-0.015496664489341838,-0.04529798899265314,,-0.04529798899265314,0.4603
UBER,2026-06-30,0.019955581193628058,,,-0.0011086727687722453,0.4797
UBER,2026-07-06,0.025407401461025936,,,-0.004694785231801113,0.4677
UBER,2026-07-07,-0.03027041496802385,,,-0.03027041496802385,0.5556
UBER,2026-07-08,,,,-0.020652128730693664,0.48
UBER,2026-07-09,,,,-0.030531226491638974,0.4385
UBER,2026-07-11,,,,-0.02935631891279178,0.5669
UBER,2026-07-14,,,,,0.5652
UBER,2026-07-15,,,,,0.5317
UNP,2026-06-10,-0.033629221538326814,0.0026214740300014583,0.07463578162337337,0.07965393068533744,0.375
UNP,2026-06-11,-0.042492895289830024,0.00026094872721516005,0.07771733337701447,0.074623487046239,0.3095
UNP,2026-06-12,-0.04690138603738614,0.0,0.05720562848414601,0.05720562848414601,0.2992
UNP,2026-06-16,-0.028005310936965455,0.03843708472646923,,0.07795840207252525,0.3333
UNP,2026-06-17,0.03751220171002512,0.09378032688165328,,0.1172253494709301,0.315
UNP,2026-07-01,0.026320517298915824,,,0.0380584610539656,0.2903
UNP,2026-07-02,0.016687303649523866,,,0.021434854890943322,0.2698
UNP,2026-07-09,,,,0.011436918152958553,0.2615
UNP,2026-07-15,,,,,0.312
UPS,2026-06-11,-0.03488265864979867,-0.004693991063672409,0.03902437003426651,0.04620337388463569,0.5317
UPS,2026-06-18,0.031279789816948345,0.0492084303135647,,0.08401676051224483,0.6142
UPS,2026-06-19,0.007180196641174197,0.044013440085098665,,0.05995897457349875,0.5161
UPS,2026-06-20,0.007180196641174197,0.044013440085098665,,0.05995897457349875,0.208
UPS,2026-06-23,0.015780006992830664,0.038835873941613475,,0.07408103753419848,0.6016
UPS,2026-06-24,0.03203317830629748,0.04333897211770377,,0.07094402508571407,0.4878
UPS,2026-07-01,0.010954874367470113,,,0.03770309675825967,0.5484
UPS,2026-07-14,,,,,0.4435
UPS,2026-07-15,,,,,0.376
V,2026-06-11,0.025669966321141935,0.053847434103359015,0.12129764515817398,0.11587526292178674,0.119
V,2026-06-18,0.027472255898535858,0.09170642544064167,,0.08794768255152485,0.1953
V,2026-06-19,0.04608079458577441,0.07838336076271135,,0.09007955407334434,0.2258
V,2026-06-20,0.04608079458577441,0.07838336076271135,,0.09007955407334434,0.176
V,2026-06-22,0.04608079458577441,0.07838336076271135,,0.09007955407334434,0.2602
V,2026-06-23,0.04447754768301748,0.057994359339453405,,0.08384065120020345,0.2114
V,2026-06-24,0.05673772676338151,0.04806911083466314,,0.07160695072885148,0.1626
V,2026-06-25,0.09563722897205196,0.055821169128346115,,0.07715115831903652,0.2581
V,2026-06-26,0.06251669490183187,0.06400377215151964,,0.05885845219256303,0.112
V,2026-06-27,0.030879609246366346,0.04206057478093039,,0.04206057478093039,0.1557
V,2026-06-29,0.030879609246366346,0.04206057478093039,,0.04206057478093039,0.1825
V,2026-07-14,,,,,0.1826
V,2026-07-15,,,,,0.168
VTI,2026-06-08,0.022114342148431776,-0.0021126576652339413,0.013277607113523882,0.021284780358422184,0.056
VTI,2026-06-09,0.018423305823544123,-5.503865413492015e-05,0.024331124661878478,0.023531381037652066,0.1024
VTI,2026-06-10,0.021561890765931624,0.0165903569853596,0.04391148242230303,0.03962592798473463,0.0391
VTI,2026-06-11,0.015618985306568467,-0.0028494157256967467,0.017962400179717175,0.02176139711682823,0.0317
VTI,2026-06-23,0.020358667595458346,0.015422847976755527,,0.023446973451845654,0.0569
VTI,2026-06-24,0.018375421986240648,0.024387505571497714,,0.023587717928035712,0.0569
VTI,2026-07-02,0.010657317962105228,,,0.006508281356239598,0.0806
VTI,2026-07-03,-0.005085195415704402,,,-0.0013722112282382737,0.0806
VTI,2026-07-06,-0.005085195415704402,,,-0.0013722112282382737,0.0806
VTI,2026-07-07,0.004193659186649157,,,0.004193659186649157,0.0952
VTI,2026-07-08,,,,0.00790225027049396,0.048
VTI,2026-07-09,,,,-0.0007807471675631561,0.0462
VTI,2026-07-10,,,,-0.004105285275360915,0.0709
VTI,2026-07-11,,,,0.0037319619432314433,0.0551
VTI,2026-07-13,,,,0.0037319619432314433,0.0635
VTI,2026-07-14,,,,,0.0609
VTI,2026-07-15,,,,,0.064
VZ,2026-07-13,,,,-0.004920315908413686,0.5397
VZ,2026-07-15,,,,,0.2937
WFC,2026-06-09,0.03719515916777816,0.028048817704363627,0.059878093440358215,0.04012196238447974,0.2756
WFC,2026-06-10,0.02244719178344834,0.03379280958662223,0.06331587610243217,0.04050261858463511,0.3047
WFC,2026-06-11,-0.0024272399749155626,0.017718435163063928,0.06395626875578753,0.035072807477324996,0.3016
WFC,2026-06-12,0.0013136626841891985,-0.0026275076063866365,0.01863128503582656,0.01863128503582656,0.1654
WFC,2026-06-16,-0.008818341835256427,0.01046442513478607,,0.0028218442699345925,0.3281
WFC,2026-06-19,-0.00393599971462566,0.039837835319366244,,0.017294902683355762,0.3629
WFC,2026-06-20,-0.00393599971462566,0.039837835319366244,,0.017294902683355762,0.312
WFC,2026-06-22,-0.00393599971462566,0.039837835319366244,,0.017294902683355762,0.3902
WFC,2026-06-30,0.03533395680676965,,,0.032066814441565006,0.3008
WFC,2026-07-01,0.011286958263289293,,,-0.007563433877280534,0.2823
WMT,2026-06-17,-0.019893325393716466,-0.05324643241998661,,-0.03750106161157618,0.3228
WMT,2026-06-18,-0.012715462193967353,-0.055726222583124985,,-0.029697929235965925,0.3386
WMT,2026-06-19,-0.022017424682842623,-0.048131075055128814,,-0.029697929235965925,0.3468
WMT,2026-06-20,-0.022017424682842623,-0.048131075055128814,,-0.029697929235965925,0.624
WMT,2026-06-22,-0.022017424682842623,-0.048131075055128814,,-0.029697929235965925,0.3659
WMT,2026-06-23,-0.051582617042082,-0.05292245680562846,,-0.04789818546648239,0.3252
WMT,2026-06-24,-0.08554622105189735,-0.05705883122291888,,-0.04453784077107392,0.4309
WMT,2026-06-25,-0.03403007845005068,-0.016237668623590773,,-0.017965122240324316,0.379
WMT,2026-07-14,,,,,0.192
WMT,2026-07-15,,,,,0.246
XLE,2026-07-11,,,,,0.3016
XLE,2026-07-13,,,,,0.2857
XLE,2026-07-14,,,,,0.4261
XLE,2026-07-15,,,,,0.464
XLF,2026-06-08,0.030594574997309554,0.040383713486387585,0.06143082528982813,0.0826709974251012,0.096
XLF,2026-06-09,0.036027474759503963,0.02760545061470432,0.062420073921110486,0.07255837663981413,0.0709
XLF,2026-06-10,0.03484590206996696,0.02694307953702091,0.07036477463404034,0.07728152169021585,0.0859
XLF,2026-06-11,0.018053937089158367,0.021620172930537862,0.06929705265568575,0.06929705265568575,0.0635
XLF,2026-06-12,0.010275764569575463,0.010652039755271181,,0.054863333450792195,0.063
XLF,2026-06-13,0.00949853485217833,0.004439792069726112,,0.05053046434668795,0.0775
XLF,2026-06-15,0.00949853485217833,0.004439792069726112,,0.05053046434668795,0.0787
XLF,2026-06-16,-0.008129151349731023,0.011442342583973808,,0.03526055319024257,0.1085
XLF,2026-06-17,-0.007636714333156491,0.0326519008602546,,0.04100670402749462,0.1339
XLF,2026-06-18,0.0035029930256702535,0.051645654973087485,,0.05033438180401606,0.126
XLF,2026-06-19,0.00037244799775626447,0.04376160969708809,,0.044134057694844575,0.1532
XLF,2026-06-20,0.00037244799775626447,0.04376160969708809,,0.044134057694844575,0.232
XLF,2026-06-22,0.00037244799775626447,0.04376160969708809,,0.044134057694844575,0.2114
XLF,2026-06-23,-0.005011144254105315,0.020230143485147956,,0.040645853439022384,0.2033
XLF,2026-06-24,0.0197318975150218,0.03387936808390868,,0.04374531684141947,0.1057
XLF,2026-06-25,0.04059865552798869,0.04228247500980786,,0.04901775293708499,0.1532
XLF,2026-06-26,0.04797460723287106,0.04666791141015336,,0.04666791141015336,0.16
XLF,2026-06-27,0.043373007509528216,,,0.04374531684141947,0.1803
XLF,2026-06-29,0.043373007509528216,,,0.04374531684141947,0.2222
XLF,2026-06-30,0.025368412513857796,,,0.04588694378782865,0.3821
XLF,2026-07-01,0.013873715829977096,,,0.023548757653767405,0.1694
XLF,2026-07-09,,,,0.00954264981203301,0.1385
XLF,2026-07-14,,,,,0.0348
XLF,2026-07-15,,,,,0.04
XLK,2026-07-15,,,,,0.696
XLV,2026-06-08,0.0015722665829196458,0.001317752164803343,0.0679056515554044,0.06204961113510121,0.16
XLV,2026-06-09,-0.010545419968090552,-0.0035174535599455936,0.05379567199029167,0.04885715727682571,0.1811
XLV,2026-06-10,-0.014000730357797142,0.022678191159221317,0.05691416410830863,0.06065980467240495,0.2109
XLV,2026-06-11,-0.03043683368607497,0.0451498348783248,0.05212450123586376,0.05212450123586376,0.1825
XLV,2026-06-12,-0.020077958666302798,0.04966464660475056,,0.0540398697427249,0.189
XLV,2026-06-13,-0.0002541148817793992,0.04231629273352722,,0.06038240731097044,0.155
XLV,2026-06-15,-0.0002541148817793992,0.04231629273352722,,0.06038240731097044,0.1339
XLV,2026-06-16,0.007102869146270896,0.047754669625393875,,0.06003567868976911,0.1783
XLV,2026-06-17,0.03719974511779145,0.09124903061576273,,0.07572067985130926,0.189
XLV,2026-06-18,0.07795950917954553,0.08885077542401665,,0.08515312647016038,0.189
XLV,2026-06-19,0.0711715854213586,0.09582836943068429,,0.07563645400623042,0.1371
XLV,2026-06-20,0.0711715854213586,0.09582836943068429,,0.07563645400623042,0.128
XLV,2026-06-22,0.0711715854213586,0.09582836943068429,,0.07563645400623042,0.1463
XLV,2026-06-23,0.0425812281390614,0.06650026851780177,,0.06065193475197894,0.1626
XLV,2026-06-24,0.0403650925089547,0.05751543341625909,,0.05255948638928021,0.187
XLV,2026-06-25,0.0521107778442742,0.03347678012990607,,0.037139360007404365,0.1855
XLV,2026-06-26,0.010103594941855087,0.006673365028422973,,0.006673365028422973,0.144
XLV,2026-06-27,0.023018519483623656,,,0.004168210439521314,0.1475
XLV,2026-06-29,0.023018519483623656,,,0.004168210439521314,0.1905
XLV,2026-06-30,0.02294213604961448,,,0.017332660636114383,0.1463
XLV,2026-07-01,0.016484925369751213,,,0.011721263975627227,0.1371
XLV,2026-07-02,-0.017711060571538262,,,-0.014229887338998326,0.1667
XLV,2026-07-14,,,,,0.1739
XLV,2026-07-15,,,,,0.176
XOM,2026-07-13,,,,0.004013575898567101,0.5
XOM,2026-07-14,,,,,0.5391
XOM,2026-07-15,,,,,0.504
